index,category,year,and_group,icd9_codes,icd10_codes
1,Myocardial infarction,2010,,,I21|I22|I252
2,Congestive heart failure,2010,,,I099|I110|I130|I132|I255|I42|I43|I50|P290
3,Peripheral vascular disease,2010,,,I70|I71|I731|I738|I771|I790|I792|K551|K559|Z9588|Z959
4,Cerebrovascular disease,2010,,,G45|G46|H340|I6
5,Dementia,2010,,,F00|F01|F02|F03|F051|G30|G310|G311
5,Dementia,2023,,,U63
6,Chronic pulmonary disease,2010,,,I278|I279|J40|J41|J42|J43|J44|J45|J46|J47|J60|J61|J62|J63|J64|J65|J66|J67|J684|J701|J703|J841|J961|T8681
6,Chronic pulmonary disease,2016,,,J992
7,Rheumatic disease,2010,,,M05|M06|M315|M32|M33|M34|M351|M353|M360
8,Peptic ulcer disease,2010,,,K25|K26|K27|K28
9,Mild liver disease,2010,,,B18|K70|K71|K73|K74|K76|K77|Z944
10,Diabetes without chronic complication,2010,,,E100|E101|E106|E108|E109|E110|E111|E116|E118|E119|E120|E121|E126|E128|E129|E130|E131|E136|E138|E139|E140|E141|E146|E148|E149
11,Diabetes with chronic complication,2010,,,E102|E103|E104|E105|E107|E112|E113|E114|E115|E117|E122|E123|E124|E125|E127|E132|E133|E134|E135|E137|E142|E143|E144|E145|E147
12,Hemiplegia or paraplegia,2010,,,G041|G114|G800|G801|G802|G81|G82|G830|G8380|G839
12,Hemiplegia or paraplegia,2016,,,G835
13,Renal disease,2010,,,I120|I131|I132|N032|N033|N034|N035|N036|N037|N052|N053|N054|N055|N056|N057|N18|N19|N250|Z491|Z492|Z940|Z992
14,Any malignancy,2010,,,C0|C1|C20|C21|C22|C23|C24|C25|C26|C30|C31|C32|C33|C34|C37|C38|C39|C40|C41|C43|C45|C46|C47|C48|C49|C50|C51|C52|C53|C54|C55|C56|C57|C58|C6|C70|C71|C72|C73|C74|C75|C76|C81|C82|C83|C84|C85|C88|C90|C91|C92|C93|C94|C95|C96|C97
14,Any malignancy,2011,,,C86
15,Moderate or severe liver disease,2010,,,K704|K711|K72|K765|K766|K767
15,Moderate or severe liver disease,2010,liver_severe_and,,I982|I983
15,Moderate or severe liver disease,2010,liver_severe_and,,K70|K71|K74
15,Moderate or severe liver disease,2019,,,K7471|K7472
16,Metastatic solid tumor,2010,,,C77|C78|C79|C80
17,AIDS/HIV,2010,,,B20|B21|B22|B24|U603
