index,category,icd9_codes
0,Congestive heart failure,39891|40201|40211|40291|40401|40403|40411|40413|40491|40493|428
1,Valvular disease,09320|09321|09322|09323|09324|394|395|396|3970|3971|3979|424|7463|7464|7465|7466|V422|V433
2,Pulmonary circulation disorders,41511|41512|41513|41514|41515|41516|41517|41518|41519|416|4179
3,Peripheral vascular disorders,440|4410|4411|4412|4413|4414|4415|4416|4417|4418|44190|442|4431|4432|4433|4434|4435|4436|4437|4438|4439|44421|44422|4471|449|5571|5579|V434
4,Hypertension,4011|4019|64200|64201|64202|64203|64204
5,Hypertension,4010|40200|40201|40210|40211|40290|40291|40300|40301|40310|40311|40390|40391|40400|40401|40402|40403|40410|40411|40412|40413|40490|40491|40492|40493|40501|40509|40511|40519|40591|40599|4372|64210|64211|64212|64213|64214|64220|64221|64222|64223|64224|64270|64271|64272|64273|64274|64290|64291|64292|64293|64294
6,Paralysis,342|343|344|4382|4383|4384|43850|43851|43852|43853|78072
7,Other neurological disorders,330|331|3320|3334|3335|3337|33385|33394|334|335|3380|340|3411|3412|3413|3414|3415|3416|3417|3418|3419|3450|34510|34511|3452|3453|3454|3455|3456|3457|3458|34590|34591|34700|34701|34710|34711|64940|64941|64942|64943|64944|7687|7803|78097|7843
8,Chronic pulmonary disease,490|491|4920|4921|4922|4923|4924|4925|4926|4927|4928|4930|4931|4932|4933|4934|4935|4936|4937|4938|49390|49391|49392|4940|4941|495|496|497|498|499|500|501|502|503|504|5050|5064
9,Diabetes without chronic complications,2490|2491|2492|24930|24931|2500|2501|2502|25030|25031|25032|25033|64800|64801|64802|64803|64804
10,Diabetes with chronic complications,2494|2495|2496|2497|2498|24990|24991|2504|2505|2506|2507|2508|25090|25091|25092|25093|7751
11,Hypothyroidism,243|2440|2441|2442|2448|2449
12,Renal failure,40301|40311|40391|40402|40403|40412|40413|40492|40493|5853|5854|5855|5856|5859|586|V420|V451|V560|V561|V562|V5630|V5631|V5632|V568
13,Liver disease,07022|07023|07032|07033|07044|07054|4560|4561|45620|45621|5710|5712|5713|5714|5715|5716|5718|5719|5723|5728|5735|V427
14,Peptic ulcer disease excluding bleeding,53141|53151|53161|53170|53171|53191|53241|53251|53261|53270|53271|53291|53341|53351|53361|53370|53371|53391|53441|53451|53461|53470|53471|53491
15,AIDS/HIV,042|043|044
16,Lymphoma,200|201|2020|2021|2022|20230|20231|20232|20233|20234|20235|20236|20237|20238|2025|2026|2027|2028|2029|2030|2031|2032|2033|2034|2035|2036|2037|20380|20381|20382|2386|2733
17,Metastatic cancer,196|197|198|1990|1991|20970|20971|20972|20973|20974|20975|20979|78951
18,Solid tumor without metastasis,14|15|16|170|171|172|174|175|179|18|190|191|192|193|194|1950|1951|1952|1953|1954|1955|1956|1957|1958|2090|2091|2092|20930|20931|20932|20933|20934|20935|20936|25801|25802|25803
19,Rheumatoid arthritis/collagen vascular diseases,7010|710|714|720|725
20,Coagulopathy,286|2871|2873|2874|2875|28984|64930|64931|64932|64933|64934
21,Obesity,2780|64910|64911|64912|64913|64914|79391|V853|V8541|V8542|V8543|V8544|V8545|V8554
22,Weight loss,260|261|262|263|78321|78322
23,Fluid and electrolyte disorders,276
24,Blood loss anemia,2800|64820|64821|64822|64823|64824
25,Deficiency anemia,2801|2802|2803|2804|2805|2806|2807|2808|2809|281|28521|28522|28523|28524|28525|28526|28527|28528|28529|2859
26,Alcohol abuse,2910|2911|2912|2913|2915|2918|2919|3030|3031|3032|3033|3034|3035|3036|3037|3038|30390|30391|30392|30393|30500|30501|30502|30503
27,Drug abuse,2920|29282|29283|29284|29285|29286|29287|29288|29289|2929|3040|3041|3042|3043|3044|3045|3046|3047|3048|30490|30491|30492|30493|3052|3053|3054|3055|3056|3057|3058|30590|30591|30592|30593|64830|64831|64832|64833|64834
28,Psychoses,295|296|297|2980|2981|2982|2983|2984|2985|2986|2987|2988|29890|29910|29911
29,Depression,3004|30112|3090|3091|311
