index,category,van_walraven_weights,thompson_30_weights,thompson_29_weights,swiss_weights,ahrq_icd9_weights,ahrq_icd10_weights
0,Congestive heart failure,7,9,9,13,9,14
1,Cardiac arrhythmias,5,8,0,6,,
2,Valvular disease,-1,0,0,-1,0,0
3,Pulmonary circulation disorders,4,5,5,6,6,4
4,Peripheral vascular disorders,2,4,4,3,3,3
5,Hypertension uncomplicated,0,-2,-1,-4,-1,0
6,Hypertension complicated,0,-2,-1,-3,,1
7,Paralysis,7,4,3,11,5,4
8,Other neurological disorders,6,5,4,10,5,22
9,Chronic pulmonary disease,3,3,3,3,3,2
10,Diabetes uncomplicated,0,0,-1,1,0,0
11,Diabetes complicated,0,1,0,-1,-3,-2
12,Hypothyroidism,0,0,0,-3,0,-3
13,Renal failure,5,7,6,8,6,3
14,Liver disease,11,7,5,16,4,2
15,Peptic ulcer disease excluding bleeding,0,0,0,0,0,0
16,AIDS/HIV,0,0,0,0,0,-4
17,Lymphoma,9,8,6,9,6,5
18,Metastatic cancer,12,17,13,17,14,22
19,Solid tumor without metastasis,4,10,8,10,7,10
20,Rheumatoid arthritis/collagen vascular diseases,0,0,0,-1,0,0
21,Coagulopathy,3,12,9,9,11,14
22,Obesity,-4,-5,-4,-6,-5,-7
23,Weight loss,6,10,8,6,9,13
24,Fluid and electrolyte disorders,5,11,9,5,11,
25,Blood loss anemia,-2,-3,-2,-5,-3,-4
26,Deficiency anemia,-2,0,0,-7,-2,-3
27,Alcohol abuse,0,0,-2,-3,-1,-1
28,Drug abuse,-7,-11,-8,-5,-7,-7
29,Psychoses,0,-6,-4,-4,-5,-9
30,Depression,-3,-5,-4,-3,-5,-8
31,Leukemia,,,,,,9
32,"Solid tumor without metastasis, in situ",,,,,,0
33,Dementia,,,,,,5
34,"Liver disease, moderate to severe",,,,,,16
35,Neurological disorders affecting movement,,,,,,-1
36,Seizures and epilepsy,,,,,,2
37,"Renal failure, severe",,,,,,7
38,Other thyroid disorders,,,,,,-8
39,Cerebrovascular disease,,,,,,5
